{
  "ablations": {
    "baseline": {
      "overall": {
        "Accuracy_mean": 0.9690620002531091,
        "Accuracy_se": 0.0001433463468872658,
        "Length_mean": 1.0359363315270538,
        "IG_mean": 0.3909313881350675
      },
      "by_condition": {
        "far": {
          "Accuracy_mean": 0.9907529425015486,
          "Accuracy_se": 0.00013818493915770038,
          "Length_mean": 1.0375926864522913,
          "IG_mean": 0.6149581293433276
        },
        "split": {
          "Accuracy_mean": 0.9593007065133309,
          "Accuracy_se": 0.00023325902546862077,
          "Length_mean": 1.0386278857889397,
          "IG_mean": 0.35005555539575683
        },
        "close": {
          "Accuracy_mean": 0.9596435554700772,
          "Accuracy_se": 0.00023407734665747138,
          "Length_mean": 1.032012693528224,
          "IG_mean": 0.23777148953966892
        }
      }
    },
    "A2_off_nonuniform_prior": {
      "overall": {
        "Accuracy_mean": 0.9690620002531091,
        "Accuracy_se": 0.0001433463468872658,
        "Length_mean": 1.0359363315270538,
        "IG_mean": 0.3805794659510406
      },
      "by_condition": {
        "far": {
          "Accuracy_mean": 0.9907529425015486,
          "Accuracy_se": 0.00013818493915770038,
          "Length_mean": 1.0375926864522913,
          "IG_mean": 0.6011068304461507
        },
        "split": {
          "Accuracy_mean": 0.9593007065133309,
          "Accuracy_se": 0.00023325902546862077,
          "Length_mean": 1.0386278857889397,
          "IG_mean": 0.3383003321433805
        },
        "close": {
          "Accuracy_mean": 0.9596435554700772,
          "Accuracy_se": 0.00023407734665747138,
          "Length_mean": 1.032012693528224,
          "IG_mean": 0.23171564598396044
        }
      }
    },
    "A3_off_state_dependent_cost": {
      "overall": {
        "Accuracy_mean": 0.9646176325084271,
        "Accuracy_se": 0.00012345457601811992,
        "Length_mean": 1.0244561028083616,
        "IG_mean": 0.42212317230833285
      },
      "by_condition": {
        "far": {
          "Accuracy_mean": 0.9901222053274765,
          "Accuracy_se": 0.00012009934347077891,
          "Length_mean": 1.0347712639147002,
          "IG_mean": 0.6573642162433815
        },
        "split": {
          "Accuracy_mean": 0.9520877382978358,
          "Accuracy_se": 0.00021711223315119417,
          "Length_mean": 1.025434479913362,
          "IG_mean": 0.3824222753158611
        },
        "close": {
          "Accuracy_mean": 0.9545244735070678,
          "Accuracy_se": 0.0002086293452116098,
          "Length_mean": 1.014736993941725,
          "IG_mean": 0.2582932307959934
        }
      }
    },
    "A4_off_precision_drift": {
      "overall": {
        "Accuracy_mean": 0.9688761950781761,
        "Accuracy_se": 0.00027400752015715676,
        "Length_mean": 1.0374538363303767,
        "IG_mean": 0.3890200641470191
      },
      "by_condition": {
        "far": {
          "Accuracy_mean": 0.9903887668712807,
          "Accuracy_se": 0.00029132615074531283,
          "Length_mean": 1.039514933078035,
          "IG_mean": 0.6117951616260885
        },
        "split": {
          "Accuracy_mean": 0.9590548880064634,
          "Accuracy_se": 0.00027432611233623854,
          "Length_mean": 1.039979028071442,
          "IG_mean": 0.34825112414986215
        },
        "close": {
          "Accuracy_mean": 0.9596659935250184,
          "Accuracy_se": 0.0003635926781019816,
          "Length_mean": 1.0333397442061736,
          "IG_mean": 0.2368291375939388
        }
      }
    },
    "A5_off_miscalibrated_semantics": {
      "overall": {
        "Accuracy_mean": 0.9690620002531091,
        "Accuracy_se": 0.0001433463468872658,
        "Length_mean": 1.0359363315270538,
        "IG_mean": 0.3909313881350675
      },
      "by_condition": {
        "far": {
          "Accuracy_mean": 0.9907529425015486,
          "Accuracy_se": 0.00013818493915770038,
          "Length_mean": 1.0375926864522913,
          "IG_mean": 0.6149581293433276
        },
        "split": {
          "Accuracy_mean": 0.9593007065133309,
          "Accuracy_se": 0.00023325902546862077,
          "Length_mean": 1.0386278857889397,
          "IG_mean": 0.35005555539575683
        },
        "close": {
          "Accuracy_mean": 0.9596435554700772,
          "Accuracy_se": 0.00023407734665747138,
          "Length_mean": 1.032012693528224,
          "IG_mean": 0.23777148953966892
        }
      }
    }
  },
  "regular_vs_eps": {
    "softmax": {
      "Accuracy_mean": 0.9690620002531091,
      "Accuracy_se": 0.0001433463468872658
    },
    "epsilon_greedy": {
      "Accuracy_mean": 0.9497187036206122,
      "Accuracy_se": 7.802452762509151e-05
    }
  },
  "sensitivity": [
    {
      "beta": 4.0,
      "lambda": 0.3,
      "Accuracy_mean": 0.944681254961516,
      "Accuracy_se": 0.00017576963272660995,
      "Length_mean": 1.3054188382286955
    },
    {
      "beta": 4.0,
      "lambda": 0.6,
      "Accuracy_mean": 0.9533163059860331,
      "Accuracy_se": 0.00014618489839546782,
      "Length_mean": 1.1231819280019328
    },
    {
      "beta": 4.0,
      "lambda": 0.9,
      "Accuracy_mean": 0.9562897640331802,
      "Accuracy_se": 0.00013950945470695176,
      "Length_mean": 1.0415593828737097
    },
    {
      "beta": 8.0,
      "lambda": 0.3,
      "Accuracy_mean": 0.9687070721016119,
      "Accuracy_se": 0.00010276242309839046,
      "Length_mean": 1.268567862032467
    },
    {
      "beta": 8.0,
      "lambda": 0.6,
      "Accuracy_mean": 0.9690620002531091,
      "Accuracy_se": 0.0001433463468872658,
      "Length_mean": 1.0359363315270538
    },
    {
      "beta": 8.0,
      "lambda": 0.9,
      "Accuracy_mean": 0.9688796465674939,
      "Accuracy_se": 0.00014380779800186343,
      "Length_mean": 1.003523395345091
    },
    {
      "beta": 16.0,
      "lambda": 0.3,
      "Accuracy_mean": 0.9754840713767992,
      "Accuracy_se": 8.923803956487132e-05,
      "Length_mean": 1.121085148241466
    },
    {
      "beta": 16.0,
      "lambda": 0.6,
      "Accuracy_mean": 0.9711599305100151,
      "Accuracy_se": 8.395898358368177e-05,
      "Length_mean": 1.0039651859777492
    },
    {
      "beta": 16.0,
      "lambda": 0.9,
      "Accuracy_mean": 0.9704949435681498,
      "Accuracy_se": 8.732468815560985e-05,
      "Length_mean": 1.0000523475879843
    }
  ],
  "seed_metrics": {
    "Accuracy": [
      0.9695923791115867,
      0.9682462982777068,
      0.9681082387050012,
      0.969868498256998,
      0.9676940599868843,
      0.9698339833638215,
      0.9695751216649985,
      0.9687467642287647,
      0.9700065578297035,
      0.9686604769958237,
      0.969109170607117,
      0.9695233493252339,
      0.969281745072999,
      0.9688675663548821,
      0.9693852897525282,
      0.9694370620922929,
      0.9685569323162945,
      0.9684016152970006,
      0.9697304386842923,
      0.9684879025299417,
      0.9686259621026473,
      0.9668311876574742,
      0.9705415386739378,
      0.9686777344424119,
      0.9695406067718221,
      0.9697131812377041,
      0.9702826769751147,
      0.9691782003934698,
      0.968936596141235,
      0.9684188727435888
    ],