condition,mean,low,high
close,0.9403161842484853,0.937109337436292,0.9432156938167131
far,0.9914546376077039,0.9900321000168948,0.9928478909725742
split,0.9579020163993605,0.9549275437058429,0.9609625599504924
