variant,Accuracy_mean,Accuracy_se
softmax,0.9690620002531091,0.0001433463468872658
epsilon_greedy,0.9497187036206122,7.802452762509151e-05
